<IfModule mod_rewrite.c>
    <IfModule mod_negotiation.c>
        Options -MultiViews -Indexes
    </IfModule>

    RewriteEngine On



    RewriteCond %{THE_REQUEST} ^GET.*index\.php [NC]
    RewriteRule (.*?)index\.php/*(.*) /$1$2 [R=301,NE,L]

    # force ssl https
    RewriteCond     %{SERVER_PORT} ^80$
    RewriteRule     ^(.*)$ https://%{SERVER_NAME}%{REQUEST_URI} [L,R]

    # Redirect omaxe.com to www.omaxe.com
    RewriteCond %{HTTP_HOST} ^omaxe.com$ [NC]
   RewriteRule (.*) https://www.omaxe.com/$1 [R=301,L]

    # Handle Authorization Header
    RewriteCond %{HTTP:Authorization} .
    RewriteRule .* - [E=HTTP_AUTHORIZATION:%{HTTP:Authorization}]
    # Redirect Trailing Slashes If Not A Folder...
    RewriteCond %{REQUEST_FILENAME} !-d
    RewriteCond %{REQUEST_URI} (.+)/$
    RewriteRule ^ %1 [L,R=301]
    # Handle Front Controller...
    RewriteCond %{REQUEST_FILENAME} !-d
    RewriteCond %{REQUEST_FILENAME} !-f
    RewriteRule ^ index.php [L]

    # Redirect to outer link

    Redirect 301 /projects/faridabad/residential/the-forest-spa-faridabad http://theforestspafaridabad.com/

    Redirect 301 /projects/greater-noida/commercial/omaxe-cannought-place-greater-noida http://www.omaxeconnaughtplace.co.in/


    Redirect 301 /projects/greater-noida/residential/the-hemisphere http://www.thehemisphere.in/
#
#    Redirect 301 /blog http://blog.omaxe.com/

    # Redirect to inner link

#    Redirect 301 /villa-in-indore-omaxe-city-mangliya-court  /projects/indore/residential/omaxe-city-mangliya-court-indore
#    Redirect 301 /2bhk-3bhk-flat-in-lucknow-hazratganj-residency  /projects/lucknow/residential/hazratganj-residency-lucknow
#    Redirect 301 /residential-apartments-in-indore-omaxe-city  /projects/indore/residential/omaxe-city-annex-plots-indore
#    Redirect 301 /property-for-sale-in-indore-happy-homes  /projects/indore/residential/omaxe-city-annex-happy-homes-indore
#    Redirect 301 /flats-in-gurgaon-omaxe-the-nile  /projects/gurgaon/residential/the-nile-gurgaon
#    Redirect 301 /house-for-sale-in-bathinda-city-villas  /projects/bathinda/residential/omaxe-city-villas-bathinda
#    Redirect 301 /commercial-property-in-delhi-pearls  /projects/delhi/commercial/pearls-omaxe-delhi
#    Redirect 301 /multiplex-in-gurgaon-city-centre  /projects/gurgaon/commercial/omaxe-city-center-gurgaon
#    Redirect 301 /affordable-plots-in-jaipur-city-shubhangan  /projects/jaipur/residential/omaxe-city-shubhangan-jaipur
#    Redirect 301 /mall-in-patiala-omaxe-mall  /projects/patiala/commercial/omaxe-mall-patiala
#    Redirect 301 /apartments-in-faridabad-omaxe-spa-village  /projects/faridabad/residential/omaxe-spa-village-faridabad
#    Redirect 301 /property-in-vrindavan-full-moon  /projects/vrindavan/residential/omaxe-full-moon-vrindavan
#    Redirect 301 /omaxe-r2  /projects/lucknow/residential/omaxe-r2-lucknow
#    Redirect 301 /plots-in-lucknow-omaxe-city  /projects/lucknow/residential/omaxe-city-lucknow
#    Redirect 301 /property-in-rohtak-omaxe-city-happy-homes  /projects/rohtak/residential/happy-homes-rohtak
#    Redirect 301 /residential-projects-in-vrindavan-krishna-crest  /projects/vrindavan/residential/krishna-crest-vrindavan
#    Redirect 301 /residential-property-in-indore-omaxe-city  /projects/indore/residential/omaxe-city-G+2-mayakhedi-indore
#    Redirect 301 /nri-city-centre-greater-noida  /projects/greater-noida/commercial/nri-city-center-greater-noida
#    Redirect 301 /property-for-sale-in-gurgaon-executive-floors  /projects/gurgaon/residential/sushant-lok-2-executive-floors-gurgaon
#    Redirect 301 /omax-sun  /projects/faridabad/commercial/omaxesun-faridabad
#    Redirect 301 /apartments-in-chandigarh-celestia-grand  /projects/new-chandigarh/residential/celestia-grand-new-chandigarh
#    Redirect 301 /apartments-in-bahadurgarh-omaxe-shubhangan  /projects/bahadurgarh/residential/omaxe-shubhangan-sector-4a-Bahadurgarh
#    Redirect 301 /2-bhk-apartment-in-lucknow-omaxe-residency  /projects/lucknow/residential/omaxe-residency-lucknow
#    Redirect 301 /luxury-villas-in-indore-city-mayakhedi-villas  /projects/indore/residential/omaxe-city-villas-indore
#    Redirect 301 /apartments-in-baddi-parkwoods-group-housing  /projects/baddi/residential/park-woods-group-housing-baddi
#    Redirect 301 /township-in-chandigarh-international-trade-tower  /projects/new-chandigarh/commercial/international-trade-tower-new-chandigarh
#    Redirect 301 /plots-in-patiala-pda-omaxe-city  /projects/patiala/residential/pda-omaxe-city-patiala
#    Redirect 301 /penthouse-in-noida-omaxe-the-forest-spa  /projects/noida/residential/the-forest-spa-noida
#    Redirect 301 /property-in-noida-omaxe-twin-towers  /projects/noida/residential/omaxe-twin-towers-noida
#    Redirect 301 /property-for-sale-in-ludhiana-royal-view-executive  /projects/ludhiana/residential/royal-view-executive-ludhiana
#    Redirect 301 /township-in-greater-noida-nri-city  /projects/greater-noida/residential/nri-city-noida
#    Redirect 301 /omaxe-city-street-market  /projects/jaipur/commercial/omaxe-city-street-market-jaipur
#    Redirect 301 /clockton-high-street-new-chandigarh  /projects/new-chandigarh/commercial/clockton-high-street-new-chandigarh
#    Redirect 301 /malls-in-amritsar-omaxe-value-mall  /projects/amritsar/commercial/omaxe-value-mall-amritsar
#    Redirect 301 /apartments-in-noida-omaxe-grand  /projects/noida/residential/grand-omaxe-noida
#    Redirect 301 /flats-for-sale-in-noida-omaxe-royal-residency  /projects/noida/residential/omaxe-royal-residency-noida
#    Redirect 301 /studio-apartments-in-vrindavan-krishna-castle  /projects/vrindavan/residential/krishna-castle-vrindavan
#    Redirect 301 /apartments-for-sale-in-gurgaon-olive-apartments  /projects/gurgaon/residential/olive-apartments-I-&-II-gurgaon
#    Redirect 301 /office-space-for-sale-in-jasola-delhi-omaxe-square  /projects/delhi/commercial/omaxe-square-delhi
#    Redirect 301 /luxury-villas-in-gurgaon-omaxe-mayfield-gardens  /projects/gurgaon/residential/mayfield-garden-designer-villas-gurgaon
#    Redirect 301 /mall-in-amritsar-novelty-mall  /projects/amritsar/commercial/omaxe-novelty-mall-amritsar
#    Redirect 301 /service-apartments-holiday-inn-new-chandigarh  /projects/new-chandigarh/commercial/holiday-inn-new-chandigarh
#    Redirect 301 /commercial-projects-property-in-lucknow-avenue  /projects/lucknow/commercial/omaxe-avenue-lucknow
#    Redirect 301 /residential-plots-in-sonipat-omaxe-city  /projects/sonipat/residential/omaxe-city-plots
#    Redirect 301 /retail-shops-in-greater-noida-arcade  /projects/greater-noida/commercial/omaxe-arcade-greater-noida
#    Redirect 301 /developed-plots-in-baddi-omaxe-parkwoods  /projects/baddi/residential/park-woods-developed-flats-baddi
#    Redirect 301 /property-in-yamuna-nagar-omaxe-city-villa  /projects/yamuna-nagar/residential/omaxe-city-villa-yamuna-nagar
#    Redirect 301 /malls-in-ludhiana-omaxe-mall  /projects/ludhiana/commercial/omaxe-mall-ludhiana
#    Redirect 301 /plots-in-bathinda-omaxe-city-plots  /projects/bathinda/residential/omaxe-city-plots-bathinda
#    Redirect 301 /villas-in-bhiwadi-panorama-city-villas  /projects/bhiwadi/residential/omaxe-panorama-city-bhiwadi
#    Redirect 301 /apartments-in-indore-omaxe-high-street  /projects/indore/residential/omaxe-highstreet-apartment-indore
#    Redirect 301 /residential-projects-in-greater-noida-orchid-avenue  /projects/greater-noida/residential/orchid-avenue-Noida
#    Redirect 301 /property-in-bhiwadi-panorama-city  /projects/bhiwadi/residential/omaxe-panorama-city-plots-bhiwadi
#    Redirect 301 /office-space-in-ludhiana-royal-arcade  /projects/ludhiana/commercial/omaxe-royal-arcade-ludhiana
#    Redirect 301 /apartment-in-lucknow-the-palace  /projects/lucknow/residential/the-palace-lucknow
#    Redirect 301 /property-in-ludhiana-omaxe-royal-view-premier  /projects/ludhiana/residential/omaxe-royal-residency-premier-ludhiana
#    Redirect 301 /plots-in-new-chandigarh-omaxe  /projects/new-chandigarh/residential/omaxe-plots-new-chandigarh
#    Redirect 301 /offices-shops-service-appartments-in-lucknow-hazratganj-residency-2  /projects/lucknow/residential/hazratganj-phase-2-lucknow
#    Redirect 301 /omaxe-royal-street  /projects/faridabad/commercial/royal-street-faridabad
#    Redirect 301 /luxury-flats-in-ludhiana   /projects/ludhiana/residential/the-royal-meredian-ludhiana
#    Redirect 301 /omaxe-galleria-bahadurgarh  /projects/bahadurgarh/commercial/omaxe-galleria-bahadurgarh
#    Redirect 301 /property-for-sale-in-bhiwadi-panorama-city  /projects/bhiwadi/residential/omaxe-panorama-city-bhiwadi
#    Redirect 301 /developed-plots-for-sale-in-rohtak-city-plots  /projects/rohtak/residential/rohtak-plots
#    Redirect 301 /property-in-bhiwadi-green-meadow-city  /projects/bhiwadi/residential/omaxe-greens-meadow-city-bhiwadi
#    Redirect 301 /residential-plot-in-indore-omaxe-city-plots   /projects/indore/residential/omaxe-city-plots-indore
#    Redirect 301 /property-in-rohtak-omaxe-green-valley  /projects/rohtak/residential/omaxe-green-valley-rohtak
#    Redirect 301 /world-street-faridabad  /projects/faridabad/commercial/world-street-faridabad
#    Redirect 301 /property-in-jaipur-city-the-prime  /projects/jaipur/residential/omaxe-city-the-prime-jaipur
#    Redirect 301 /penthouses-in-lucknow-omaxe-heights  /projects/lucknow/residential/omaxe-heights-lucknow
#    Redirect 301 /independent-house-for-sale-in-ludhiana-celestia-grand  /projects/ludhiana/residential/celestia-grand-ludhiana
#    Redirect 301 /flats-in-bhiwadi-europia  /projects/bhiwadi/residential/omaxe-europia-flats-bhiwadi
#    Redirect 301 /multiplex-in-ludhiana-omaxe-plaza  /projects/ludhiana/commercial/omaxe-plaza-ludhiana
#    Redirect 301 /properties-in-ludhiana-royal-residency-2  /projects/ludhiana/residential/omaxe-royal-residency-ludhiana
#    Redirect 301 /properties-in-faridabad-omaxe-heights  /projects/faridabad/residential/omaxe-heights-4-bhk-faridabad
#    Redirect 301 /villas-in-ludhiana-omaxe-royal-view-homes  /projects/ludhiana/residential/omaxe-royal-residency-royal-view-homes-ludhiana
#    Redirect 301 /3-bhk-flat-in-faridabad-omaxe-hills-ii  /projects/faridabad/residential/omaxe-hills-II-faridabad
#    Redirect 301 /indore-omaxe-greens  /projects/indore/residential/omaxe-greens-indore
#    Redirect 301 /apartments-in-gurgaon-executive-floors-suncity  /projects/gurgaon/residential/suncity-executive-floors-gurgaon
#    Redirect 301 /residential-projects-in-noida-omaxe-the-forest  /projects/noida/residential/the-forest-noida
#    Redirect 301 /property-for-sale-in-rohtak-city-villas  /projects/rohtak/residential/rohtak-villas
#    Redirect 301 /2-bhk-flat-in-faridabad-omaxe-hills  /projects/faridabad/residential/omaxe-hills-faridabad
#    Redirect 301 /property-in-ludhiana-twin-tower  /projects/ludhiana/residential/twin-tower
#    Redirect 301 /apartments-in-jaipur-city-executive-homez  /projects/jaipur/residential/executive-homes-jaipur
#    Redirect 301 /flats-in-derabassi-nh-1-omaxe-greens  /projects/derabassi/residential/omaxe-greens-derabassi
#    Redirect 301 /property-in-indore-city-mayakhedi-annex  /projects/indore/residential/omaxe-city-annex-villas-indore
#    Redirect 301 /flats-in-lucknow-grand-omaxe  /projects/lucknow/residential/grand-omaxe-lucknow
#    Redirect 301 /flats-in-new-chandigarh-the-lake  /projects/new-chandigarh/residential/the-lake-new-chandigarh
#    Redirect 301 /luxury-flats-in-ludhiana  /projects/ludhiana/residential/the-royal-meredian-ludhiana
#    Redirect 301 /residential-plot-in-indore-omaxe-city-plots  /projects/indore/residential/omaxe-city-plots-indore
#    Redirect 301 /royalresidencyfaridabad  /projects/faridabad/residential/royal-residency-faridabad
#    Redirect 301 /commercial-property-in-india  /projects/type/commercial
#    Redirect 301 /residential-projects-in-india  /projects/type/residential
#    Redirect 301 /integrated-township-projects-in-india  /projects/
#    Redirect 301 /ready-to-move  /projects/category/ready-to-move-in
#    Redirect 301 /delivered-projects  /projects/category/delivered
#    Redirect 301 /press-releases  /media/press-releases
#    Redirect 301 /mission-and-vision  /about-us/mission-and-vision
#    Redirect 301 /print-coverages  /media/print-coverages
#    Redirect 301 /quality-policy  /about-us/quality-policy
#    Redirect 301 /current-openings  /career/current-openings
#    Redirect 301 /buyers-guide  /care/buyers-guide
#    Redirect 301 /growth-opportunities  /career/growth-opportunities
#    Redirect 301 /corporate-governance  /investor/corporate-governance
#    Redirect 301 /success-story  /about-us/success-story
#    Redirect 301 /e-coverages  /media/e-coverages
#    Redirect 301 /newsletters  /media/corporate-newsletter
#    Redirect 301 /employee-welfare  /career/employee-welfare
#    Redirect 301 /videos  /media/media-videos
#    Redirect 301 /vendors-form  /care/vendors
#    Redirect 301 /stakeholders-information  /investor/stakeholder-information
#    Redirect 301 /associates  /care/associate
#    Redirect 301 /the-resort-flats-in-new-chandigarh  /projects/new-chandigarh/residential/the-resort-new-chandigarh
#    Redirect 301 /shareholding-patterns  /investor/shareholding-pattern
#    Redirect 301 /leadership-team  /about-us/leadership-team
#    Redirect 301 /financials  /investor/financials
#    Redirect 301 /ad-campaigns  /media/ad-campaigns
#    Redirect 301 /regional-offices  /contact-us/regional-offices
##        Redirect 301 /contact-us  /investor/contact
#    Redirect 301 /enquire-now  /contact-us/send-enquiry
#    Redirect 301 /send-enquiry  /contact-us/send-enquiry
#    Redirect 301 /offices  /contact-us/regional-offices
#    Redirect 301 /media-kit  /media/media-kit
#    Redirect 301 /stock-price  /investor/stakeholder-information
#    Redirect 301 /nri-care  /care/nri-care
#    Redirect 301 /awards-and-honors  /about-us/awards-and-honors
#    Redirect 301 /corporate-av  /media/media-videos
#    Redirect 301 /work-culture  /career/work-culture
#    Redirect 301 /cmds-message  /about-us/cmd-message
#    Redirect 301 /omaxe-care  /care/omaxe-care
#    Redirect 301 /annual-reports  /investor/annual-report
#    Redirect 301 /financials-2  /investor/financials
#    Redirect 301 /corporate-announcements  /investor/financials
#    Redirect 301 /events  /media/events
#    Redirect 301 /media-contacts  /media/contact
#    Redirect 301 /corporate-social-responsibility  /investor/csr/event
#    Redirect 301 /buy-property-in-chandigarh-india-trade-tower  /projects/new-chandigarh/commercial/india-trade-tower-new-chandigarh
#    Redirect 301 /omaxe-heights-4-bedroom  /projects/faridabad/residential/omaxe-heights-4-bhk-faridabad
#    Redirect 301 /plots-in-yamuna-nagar-omaxe-city  /projects/yamuna-nagar/residential/omaxe-city-plots-yamuna-nagar
#    Redirect 301 /plot-in-indore-omaxe-city-mayakhedi-plots  /projects/indore/residential/omaxe-plots-mayakhedi
#    Redirect 301 /house-for-sale-in-indore-dream-homes  /projects/indore/residential/omaxe-dream-homes-indore
#    Redirect 301 /plots-in-indore-omaxe-extn-shubhangan  /projects/indore/residential/omaxe-shubhangan-indore
#    Redirect 301 /villas-in-indore-shubhangan-villas  /projects/indore/residential/shubhangan-villa-indore
#    Redirect 301 /omaxe-marigold-rajasthan-bhiwadi  /projects/bhiwadi/residential/omaxe-marigold-bhiwadi
#    Redirect 301 /villas-in-bhiwadi-panorama-city-villas  /projects/bhiwadi/residential/omaxe-panorama-city-villas-bhiwadi
#    Redirect 301 /studio-apartment-in-bhiwadi-mid-town  /projects/bhiwadi/residential/omaxe-panoroma-city--mid-town
#    Redirect 301 /flats-in-derabassi-nh-1-omaxe-greens  /projects/derabassi/residential/omaxe-greens-derabassi
#    Redirect 301 /flats-in-derabassi-nh-1-omaxe-greens2  /projects/derabassi/residential/omaxe-greens-2
#    Redirect 301 /luxurious-villas-in-greater-noida-omaxe-palm-villas  /projects/greater-noida/residential/omaxe-palm-villas-in-greater-noida
#    Redirect 301 /shop-for-sale-in-jaipur-central-market  /projects/jaipur/commercial/omaxe-central-market-rc-7-jaipur
#    Redirect 301 /villas-in-rudrapur-omaxe-riviera-greenland-villas  /projects/rudrapur/residential/omaxe-riviera-greenland-villas
#    Redirect 301 /apartments-in-rudrapur-riviera-group-housing  /projects/rudrapur/residential/omaxe-riviera-group-housing
#    Redirect 301 /property-in-rudrapur-omaxe-riviera-thames  /projects/rudrapur/residential/omaxe-riviera-thames-rudrapur
#    Redirect 301 /malls-in-agra-omaxe-srk-mall  /projects/agra/commercial/omaxe-srk-mall-agra
#    Redirect 301 /flats-in-ghaziabad-habitat-floors-kaushambi  /projects/ghaziabad/residential/omaxe-habitat-floors-kaushambi
#    Redirect 301 /plots-in-palwal-omaxe-city-plots  /projects/palwal/residential/omaxe-city-plots-palwal
#    Redirect 301 /villas-in-palwal-omaxe-city-villas  /projects/palwal/residential/villas-in-palwal-omaxe-city-villas
#    Redirect 301 /property-in-palwal-city-happy-homes  /projects/palwal/residential/property-in-palwal-city-happy-homes
#    Redirect 301 /plot-in-palwal-omaxe-heights  /projects/palwal/residential/plot-in-palwal-omaxe-heights
#    Redirect 301 /plots-in-yamuna-nagar-omaxe-city  /projects/yamuna-nagar/residential/omaxe-city-yamuna-nagar
#    Redirect 301 /royalresidencyfaridabad  /projects/faridabad/residential/royal-residency-faridabad
#    Redirect 301 /flats-in-faridabad-omaxe-heights  /projects/faridabad/residential/omaxe-heights-2-3-bhk-Faridabad
#Redirect 301 /omaxe-palm-court-greater-noida  /projects/greater-noida/commercial/omaxe-palm-court-greater-noida
#Redirect 301 /plots-for-sale-in-indore-city-mayakhedi-extn  /projects/indore/residential/omaxe-city-mayakhedi-extn-indore
#Redirect 301 /property-in-bahadurgarh-omaxe-city-homes  /projects/bahadurgarh/residential/omaxe-city-homes-bahadurgarh
#Redirect 301 /2-bhk-flats-in-noida-omaxe-riyaasat  /projects/noida/residential/omaxe-riyaasat-noida
#Redirect 301 /apartments-in-sonepat-omaxe-heights  /projects/sonipat/residential/omaxe-city-omaxe-heights-sonepat
#Redirect 301 /apartments-in-greater-noida-palm-greens  /projects/greater-noida/residential/omaxe-palm-greens-greater-noida
#Redirect 301 /cassia-independent-floors-in-new-chandigarh  /projects/new-chandigarh/residential/omaxe-cassia-new-chandigarh
#Redirect 301 /house-for-sale-in-lucknow-new-hazratganj  /projects/lucknow/commercial/omaxe-hazratganj-lucknow
#Redirect 301 /flat-in-bahadurgarh-omaxe-north-avenue  /projects/bahadurgarh/residential/flat-in-bahadurgarh-omaxe-north-avenue
#Redirect 301 /shubhangan-street-market  /projects/jaipur/commercial/shubhangan-street-market-jaipur
#Redirect 301 /flats-in-sonipat-omaxe-city-swarnaprastha  /projects/sonipat/residential/omaxe-city-swarnaprastha-sonepat
#Redirect 301 /commercial-property-in-sonepat-omaxe-plaza  /projects/sonipat/commercial/omaxe-city-omaxe-plaza-sonepat
#Redirect 301 /commercial-property-projects-in-greater-noida-itc  /projects/greater-noida/commercial/india-trade-center-greater-noida
#Redirect 301 /omaxe-celestia-royal  /projects/new-chandigarh/residential/celestia-royal-new-chandigarh
#Redirect 301 /apartments-in-ludhiana-omaxe-rose-ville  /projects/ludhiana/residential/omaxe-royal-residency-rose-villa-ludhiana
#Redirect 301 /villas-in-jaipur-city-plots-villas  /projects/jaipur/residential/omaxe-city-plots-&-villas-jaipur
#Redirect 301 /property-in-gurgaon-omaxe-south-avenue  /projects/gurgaon/residential/south-avenue-executive-floors-gurgaon
#Redirect 301 /2-bhk-flats-in-vrindavan-eternity  /projects/vrindavan/residential/omaxe-eternity-vrindavan
#Redirect 301 /3-bhk-flats-in-lucknow-omaxe-waterscapes  /projects/lucknow/residential/omaxe-waterscapes-lucknow
#Redirect 301 /indore-property-omaxe-hills-3  /projects/indore/residential/omaxe-hills-nihallpurmundi-indore
#Redirect 301 /faridabad-property-omaxe-heights  /projects/faridabad/residential/omaxe-heights-service-personnel-apartments-faridabad
#Redirect 301 /celebration-mall-gurugram  /projects/gurgaon/commercial/omaxe-celebrations-mall-gurgaon
#Redirect 301 /gurugram-mall  /projects/gurgaon/commercial/omaxe-gurgaon-mall
#Redirect 301 /apartment-in-allahabad-aananda  /projects/allahabad/residential/omaxe-aananda-allahabad
#Redirect 301 /malls-in-indirapuram-omaxe-plaza  /projects/indirapuram/commercial/omaxe-plaza-indirapuram-banner-delhi
#Redirect 301 /property-for-sale-in-bahadurgarh-omaxe-city  /projects/bahadurgarh/residential/royal-street-delhi-road-bahdurgarh
#Redirect 301 /property-in-chandigarh-silver-birch  /projects/new-chandigarh/residential/omaxe-silver-birch-chandigarh
#Redirect 301 /property-in-sonipat-omaxe-wisteria  /projects/sonipat/residential/omaxe-wisteria-sonepat
#Redirect 301 /property-in-faridabad-omaxe-new-heights  /projects/faridabad/residential/omaxe-new-heights-faridabad
#Redirect 301 /property-for-sale-in-chandigarh-ambrosia  /projects/new-chandigarh/residential/ambrosia-new-chandigarh
#Redirect 301 /apartment-in-bahadurgarh-omaxe-city-gate  /projects/bahadurgarh/commercial/omaxe-city-gate-bahadurgarh
#Redirect 301 /property-in-bahadurgarh-royal-street  /projects/bahadurgarh/residential/omaxe-royal-street-bahadurgarh
#Redirect 301 /villas-in-chandigarh-mulberry-villas  /projects/new-chandigarh/residential/omaxe-mulberry-villas-new-chandigarh
#Redirect 301 /villas-in-sonipat-omaxe-city-villas  /projects/sonipat/residential/omaxe-city-villas-sonepat
#Redirect 301 /properties-in-bahadurgarh-north-avenue-ii  /projects/bahadurgarh/residential/north-avenue-2-bahadurgarh
#Redirect 301 /commercial-property-in-uttar-pradesh  /projects/uttar-pradesh/commercial
#Redirect 301 /commercial-property-in-punjab  /projects/punjab/commercial
#Redirect 301 /residential-projects-in-uttarakhand  /projects/uttrakhand/residential
#Redirect 301 /commercial-property-in-rajasthan  /projects/rajasthan/commercial
#Redirect 301 /delivered-commercial-property-in-haryana  /projects/haryana/commercial
#Redirect 301 /residential-projects-in-haryana  /projects/haryana/residential
#Redirect 301 /residential-projects-in-punjab  /projects/punjab/residential
#Redirect 301 /residential-projects-in-himachal-pradesh  /
#Redirect 301 /residential-projects-in-delhi-ncr  /projects/delhi-ncr/residential
#Redirect 301 /commercial-property-in-delhi-ncr  /projects/delhi-ncr/commercial
#Redirect 301 /social-faqs  /faq
#Redirect 301 /projects/ludhiana/residential/the-royal-meredian-ludhiana  /projects/ludhiana/residential/the-royal-meridian-ludhiana
##Redirect 301 /fd  /fixed-deposit
#Redirect 301 /testimonial  /testimonials
#
#
#Redirect 301 /projects/allahabad/residential/omaxe-shiva-allahabad  /projects/allahabad/residential/omaxshiva-3bhk-apartments
#
#Redirect 301 /projects/faridabad/commercial/royal-street-faridabad/propertytype/shops  /projects/faridabad/commercial/royal-street-faridabad
#
#
##new changes
#
#
#    Redirect 301 /projects/allahabad  /projects/prayagraj
#
#    Redirect 301 /projects/allahabad/residential/omaxe-aananda-allahabad  /projects/prayagraj/residential/omaxe-aananda-allahabad
#
#    Redirect 301 /projects/allahabad/residential/omaxe-aananda-allahabad/location  /projects/prayagraj/residential/omaxe-aananda-allahabad/location
#
#    Redirect 301 /projects/allahabad/residential/omaxe-aananda-allahabad/floorplan  /projects/prayagraj/residential/omaxe-aananda-allahabad/floorplan
#
#    Redirect 301 /projects/allahabad/residential/omaxe-aananda-allahabad/gallery  /projects/prayagraj/residential/omaxe-aananda-allahabad/gallery
#
#    Redirect 301 /projects/allahabad/residential/omaxe-aananda-allahabad/contact-us  /projects/prayagraj/residential/omaxe-aananda-allahabad/contact-us
#
#    Redirect 301 /projects/allahabad/residential/omaxe-aananda-allahabad/ebrochure/contact-us  /projects/prayagraj/residential/omaxe-aananda-allahabad/ebrochure/contact-us
#
#    Redirect 301 /projects/allahabad/residential/omaxshiva-3bhk-apartments  /projects/prayagraj/residential/omaxshiva-3bhk-apartments
#
#    Redirect 301 /projects/allahabad/residential/omaxshiva-3bhk-apartments/location  /projects/prayagraj/residential/omaxshiva-3bhk-apartments/location
#
#    Redirect 301 /projects/allahabad/residential/omaxshiva-3bhk-apartments/floorplan  /projects/prayagraj/residential/omaxshiva-3bhk-apartments/floorplan
#
#    Redirect 301 /projects/allahabad/residential/omaxshiva-3bhk-apartments/contact-us  /projects/prayagraj/residential/omaxshiva-3bhk-apartments/contact-us
#
#    Redirect 301 /projects/allahabad/residential/omaxshiva-3bhk-apartments/ebrochure/contact-us  /projects/prayagraj/residential/omaxshiva-3bhk-apartments/ebrochure/contact-us
#
#    Redirect 301 /projects/new-chandigarh/residential/the-lake-new-chandigarh  /projects/new-chandigarh/residential/the-lake-flats-in-chandigarh
#
#
    Redirect 301 /projects/new-chandigarh/residential/the-resort-new-chandigarh  /projects/new-chandigarh/residential/the-resort-2bhk-flats-chandigarh
    AddType image/x-icon .ico
</IfModule>






# BEGIN Expire headers
<ifModule mod_expires.c>
  ExpiresActive On
  ExpiresDefault "access plus 5 seconds"
  ExpiresByType image/jpg "access plus 2592000 seconds"
  ExpiresByType image/jpeg "access plus 2592000 seconds"
  ExpiresByType image/png "access plus 2592000 seconds"
  ExpiresByType image/gif "access plus 2592000 seconds"
  ExpiresByType application/x-shockwave-flash "access plus 2592000 seconds"
  ExpiresByType text/css "access plus 604800 seconds"
  ExpiresByType text/javascript "access plus 1 month"
  ExpiresByType text/x-javascript "access plus 1 month"
  ExpiresByType application/javascript "access plus 1 month"
  ExpiresByType application/x-javascript "access plus 1 month"
#  ExpiresByType text/html "access plus 600 seconds"
#  ExpiresByType application/xhtml+xml "access plus 600 seconds"
  ExpiresByType image/svg+xml "access plus 1 month"
  ExpiresByType image/svg  "access plus 1 month"
  ExpiresByType image/x-icon "access plus 1 month"

</ifModule>
# END Expire headers


# 1 Month for most static assets
<filesMatch ".(css|jpg|jpeg|png|gif|js|ico)$">
Header set Cache-Control "max-age=2592000, public"
</filesMatch>












<IfModule mod_deflate.c>
  # Compress HTML, CSS, JavaScript, Text, XML and fonts
  AddOutputFilterByType DEFLATE application/javascript
  AddOutputFilterByType DEFLATE application/rss+xml
  AddOutputFilterByType DEFLATE application/vnd.ms-fontobject
  AddOutputFilterByType DEFLATE application/x-font
  AddOutputFilterByType DEFLATE application/x-font-opentype
  AddOutputFilterByType DEFLATE application/x-font-otf
  AddOutputFilterByType DEFLATE application/x-font-truetype
  AddOutputFilterByType DEFLATE application/x-font-ttf
  AddOutputFilterByType DEFLATE application/x-javascript
  AddOutputFilterByType DEFLATE application/xhtml+xml
  AddOutputFilterByType DEFLATE application/xml
  AddOutputFilterByType DEFLATE font/opentype
  AddOutputFilterByType DEFLATE font/otf
  AddOutputFilterByType DEFLATE font/ttf
  AddOutputFilterByType DEFLATE image/svg+xml
  AddOutputFilterByType DEFLATE image/x-icon
  AddOutputFilterByType DEFLATE text/css
  AddOutputFilterByType DEFLATE text/html
  AddOutputFilterByType DEFLATE text/javascript
  AddOutputFilterByType DEFLATE text/plain
  AddOutputFilterByType DEFLATE text/xml
  # Remove browser bugs (only needed for really old browsers)
  BrowserMatch ^Mozilla/4 gzip-only-text/html
  BrowserMatch ^Mozilla/4\.0[678] no-gzip
  BrowserMatch \bMSIE !no-gzip !gzip-only-text/html
  Header append Vary User-Agent
</IfModule>

<ifModule mod_gzip.c>
mod_gzip_on Yes
mod_gzip_dechunk Yes
mod_gzip_item_include file .(html?|txt|css|js|php|pl)$
mod_gzip_item_include handler ^cgi-script$
mod_gzip_item_include mime ^text/.*
mod_gzip_item_include mime ^application/x-javascript.*
mod_gzip_item_exclude mime ^image/.*
mod_gzip_item_exclude rspheader ^Content-Encoding:.*gzip.*
</ifModule>

# BEGIN Cache-Control Headers
<ifModule mod_headers.c>
  <filesMatch "\.(ico|jpe?g|png|gif|swf)$">
    Header set Cache-Control "public"
  </filesMatch>
  <filesMatch "\.(css)$">
    Header set Cache-Control "public"
  </filesMatch>
  <filesMatch "\.(js)$">
    Header set Cache-Control "private"
  </filesMatch>
#  <filesMatch "\.(x?html?|php)$">
#    Header set Cache-Control "private, must-revalidate"
#  </filesMatch>
</ifModule>
# END Cache-Control Headers







